CookerStat, GenerateAssetRegistry=0.018775, Initialize=0.100438, RunGuid=RunIDDF383D5B48FD26D2BF2E7398AAA9D407
DDCTransactionId8DE8D16D4704E88682DAD690F4D15390_0, PutCachedData=, CacheKey=PhysX_1D9C17C451EA4FB88CB7A27536A65DB0_PhysXPC_690926DE4D3D38ACB4A03281CF5A603__C0057CC3129E19DBA46EB12417663BB51C59F153, StartTime=2016.07.03-13.57.44, HierarchicalDDC=, DataSize=840, Duration=3.197342, RunGuid=RunIDDF383D5B48FD26D2BF2E7398AAA9D407
SavePackageTransactionId120959D14BBF22EF70CB7F984E3CD083_0, Filename=../../../../../../Users/game/Documents/steamrumb/steamrumb/Content/StarterContent/Architecture/Floor_400x400.uasset, AutoPackageBackupDelegate=10.808911, FlushAsyncLoading=0.012517, FlushStreamingFunc=0.064973, BlockTillAllRequestsFinished=0.027418, ResetLoadersForSaveUnMarkAllObjects=0.207137, TagPackageExports=0.028014, BeginCacheForCookedPlatformData=0.001192, SerializeImports=0.466131, GatherLocalizableTextData=0.131138, MarkNames=0.007153, SerializeSummary=0.012517, SerializeNames=0.047389, SerializeGatherableTextData=0.001490, BuildExportMap=0.019073, SortExportsNonSeekfree=0.008643, SortExportsSeekfreeConstructor=0.054244, SortExportsSeekfreeInner=0.563886, SortExportsSeekfree=0.002980, BuildDependencyMap=0.009835, SerializeImportMap=0.007153, SerializeExportMap=0.004768, SerializeDependencyMap=0.001192, SerializeStringAssetReferenceMap=0.001192, SaveThumbNailsAssetRegistryDataWorldLevelInfo=4.541490, SerializeExports=0.203557, SerializeBulkData=0.019077, MoveFile=3.878951, UnaccountedTime=9.080894, RunGuid=RunIDDF383D5B48FD26D2BF2E7398AAA9D407
DDCTransactionIdB34FD7EB41E9AECC97E84CA515AA3A5E_0, BuildTexture=, CacheKey=TEXTURE_814DCC3DC72143F49509781513CB9855_AutoDXT_704822B64E07281B97CD85AE308F54B1_07_0000803F0000803F0000803F000000000000803F00000000000000000000803F0000000000000000020000000E000000000000000101000000040000803FFFFFFFFF00000000FF00FF00FFFF8180803B, StartTime=2016.07.03-13.57.47, Duration=213.031250, RunGuid=RunIDDF383D5B48FD26D2BF2E7398AAA9D407
DDCTransactionIdF4393F244BB28DA17854B4A49276CDC3_0, PutCachedData=, CacheKey=TEXTURE_814DCC3DC72143F49509781513CB9855_AutoDXT_704822B64E07281B97CD85AE308F5__374A23A8D8F650C5E321968436051EAE25B123A1, StartTime=2016.07.03-13.57.47, HierarchicalDDC=, DataSize=1048841, Duration=24.159483, RunGuid=RunIDDF383D5B48FD26D2BF2E7398AAA9D407
DDCTransactionIdA02145DA4BD21C6538D0168BEC421B11_0, PutCachedData=, CacheKey=TEXTURE_814DCC3DC72143F49509781513CB9855_AutoDXT_704822B64E07281B97CD85AE308F5__8295B2039BC8BB35126603933A168F0EB0C1EDC6, StartTime=2016.07.03-13.57.47, HierarchicalDDC=, DataSize=262407, Duration=4.610039, RunGuid=RunIDDF383D5B48FD26D2BF2E7398AAA9D407
DDCTransactionId8DE8D16D4704E88682DAD690F4D15390_1, PutCachedData=, CacheKey=TEXTURE_814DCC3DC72143F49509781513CB9855_AutoDXT_704822B64E07281B97CD85AE308F5__98A5A46A65B27FF825AB03E63388B6C0704CA746, StartTime=2016.07.03-13.57.47, HierarchicalDDC=, DataSize=65799, Duration=4.471451, RunGuid=RunIDDF383D5B48FD26D2BF2E7398AAA9D407
DDCTransactionId8DE8D16D4704E88682DAD690F4D15390_2, PutCachedData=, CacheKey=TEXTURE_814DCC3DC72143F49509781513CB9855_AutoDXT_704822B64E07281B97CD85AE308F5__9F7ABAB7FECA6BD8C83DD67A7A3B37158A50E03D, StartTime=2016.07.03-13.57.47, HierarchicalDDC=, DataSize=16647, Duration=3.619660, RunGuid=RunIDDF383D5B48FD26D2BF2E7398AAA9D407
DDCTransactionIdA02145DA4BD21C6538D0168BEC421B11_1, PutCachedData=, CacheKey=TEXTURE_814DCC3DC72143F49509781513CB9855_AutoDXT_704822B64E07281B97CD85AE308F5__12C72EDCC38BAC9F9148804F8DA454B945814C29, StartTime=2016.07.03-13.57.47, HierarchicalDDC=, DataSize=7196, Duration=19.489542, RunGuid=RunIDDF383D5B48FD26D2BF2E7398AAA9D407
DDCTransactionIdB34FD7EB41E9AECC97E84CA515AA3A5E_1, BuildTexture=, CacheKey=TEXTURE_814DCC3DC72143F49509781513CB9855_AutoDXT_16A317334847B7C7B03BC187D7105222_07_0000803F0000803F0000803F000000000000803F00000000000000000000803F0000000000000000020000000E000000000000000101000000040000803FFFFFFFFF00000000FF00FF00FFFF8180803B, StartTime=2016.07.03-13.57.48, Duration=90.534431, RunGuid=RunIDDF383D5B48FD26D2BF2E7398AAA9D407
DDCTransactionId8DE8D16D4704E88682DAD690F4D15390_3, PutCachedData=, CacheKey=TEXTURE_814DCC3DC72143F49509781513CB9855_AutoDXT_16A317334847B7C7B03BC187D7105__7740E21437EE5C697EBA2021B13A943B0C436F51, StartTime=2016.07.03-13.57.48, HierarchicalDDC=, DataSize=1048841, Duration=5.304463, RunGuid=RunIDDF383D5B48FD26D2BF2E7398AAA9D407
DDCTransactionIdF4393F244BB28DA17854B4A49276CDC3_1, PutCachedData=, CacheKey=TEXTURE_814DCC3DC72143F49509781513CB9855_AutoDXT_16A317334847B7C7B03BC187D7105__95D938E4762BE3F8513401F59B022A892EA44AB2, StartTime=2016.07.03-13.57.48, HierarchicalDDC=, DataSize=262407, Duration=4.684247, RunGuid=RunIDDF383D5B48FD26D2BF2E7398AAA9D407
DDCTransactionIdA02145DA4BD21C6538D0168BEC421B11_2, PutCachedData=, CacheKey=TEXTURE_814DCC3DC72143F49509781513CB9855_AutoDXT_16A317334847B7C7B03BC187D7105__8DBD496412C8D0E4CA849531EFB72D638F9CF99B, StartTime=2016.07.03-13.57.48, HierarchicalDDC=, DataSize=65799, Duration=10.613099, RunGuid=RunIDDF383D5B48FD26D2BF2E7398AAA9D407
DDCTransactionIdB34FD7EB41E9AECC97E84CA515AA3A5E_2, BuildTexture=, CacheKey=TEXTURE_814DCC3DC72143F49509781513CB9855_AutoDXT_7AE579164704BE34FDB17B86C7A4B022_07_0000803F0000803F0000803F000000000000803F00000000000000000000803F0000000000000000020000000E000000000000000101000000040000803FFFFFFFFF00000000FF00FF00FFFF8180803B, StartTime=2016.07.03-13.57.48, Duration=21.171957, RunGuid=RunIDDF383D5B48FD26D2BF2E7398AAA9D407
DDCTransactionIdF4393F244BB28DA17854B4A49276CDC3_2, PutCachedData=, CacheKey=TEXTURE_814DCC3DC72143F49509781513CB9855_AutoDXT_16A317334847B7C7B03BC187D7105__023EEF70C62A64787AFECA59500473465BBC9006, StartTime=2016.07.03-13.57.48, HierarchicalDDC=, DataSize=16647, Duration=5.817089, RunGuid=RunIDDF383D5B48FD26D2BF2E7398AAA9D407
DDCTransactionId8DE8D16D4704E88682DAD690F4D15390_4, PutCachedData=, CacheKey=TEXTURE_814DCC3DC72143F49509781513CB9855_AutoDXT_16A317334847B7C7B03BC187D7105__668082BB9C10B4ADEF2B11D1ACAE72B0538DB6D4, StartTime=2016.07.03-13.57.48, HierarchicalDDC=, DataSize=7196, Duration=5.501166, RunGuid=RunIDDF383D5B48FD26D2BF2E7398AAA9D407
DDCTransactionId8DE8D16D4704E88682DAD690F4D15390_5, PutCachedData=, CacheKey=TEXTURE_814DCC3DC72143F49509781513CB9855_AutoDXT_7AE579164704BE34FDB17B86C7A4B__FA1EDA667C22C731ACBACBE44BF6690827A6068D, StartTime=2016.07.03-13.57.48, HierarchicalDDC=, DataSize=262407, Duration=26.230543, RunGuid=RunIDDF383D5B48FD26D2BF2E7398AAA9D407
DDCTransactionIdF4393F244BB28DA17854B4A49276CDC3_3, PutCachedData=, CacheKey=TEXTURE_814DCC3DC72143F49509781513CB9855_AutoDXT_7AE579164704BE34FDB17B86C7A4B__3BEE65FDB0375A3A9232764D2D60FBADD9FE828B, StartTime=2016.07.03-13.57.48, HierarchicalDDC=, DataSize=65799, Duration=36.590611, RunGuid=RunIDDF383D5B48FD26D2BF2E7398AAA9D407
DDCTransactionIdA02145DA4BD21C6538D0168BEC421B11_3, PutCachedData=, CacheKey=TEXTURE_814DCC3DC72143F49509781513CB9855_AutoDXT_7AE579164704BE34FDB17B86C7A4B__4A4E9CC9B1D97372A6122E5708591D8A3D214905, StartTime=2016.07.03-13.57.48, HierarchicalDDC=, DataSize=16647, Duration=4.286367, RunGuid=RunIDDF383D5B48FD26D2BF2E7398AAA9D407
DDCTransactionIdB34FD7EB41E9AECC97E84CA515AA3A5E_3, BuildTexture=, CacheKey=TEXTURE_814DCC3DC72143F49509781513CB9855_AutoDXT_CA00D32B463E02C2DEB81C975D6C3609_07_0000803F0000803F0000803F000000000000803F00000000000000000000803F0000000000000000020000000E000000000000000101000000040000803FFFFFFFFF00000000FF00FF00FFFF8180803B, StartTime=2016.07.03-13.57.48, Duration=25.801073, RunGuid=RunIDDF383D5B48FD26D2BF2E7398AAA9D407
DDCTransactionIdA02145DA4BD21C6538D0168BEC421B11_4, PutCachedData=, CacheKey=TEXTURE_814DCC3DC72143F49509781513CB9855_AutoDXT_7AE579164704BE34FDB17B86C7A4B__D9C346B728449BEB1F867F22715A22628BD5B319, StartTime=2016.07.03-13.57.48, HierarchicalDDC=, DataSize=6899, Duration=4.348956, RunGuid=RunIDDF383D5B48FD26D2BF2E7398AAA9D407
DDCTransactionIdA02145DA4BD21C6538D0168BEC421B11_5, PutCachedData=, CacheKey=TEXTURE_814DCC3DC72143F49509781513CB9855_AutoDXT_CA00D32B463E02C2DEB81C975D6C3__4D87045FD8AB13D5474956DD4F920CDEAC3B1787, StartTime=2016.07.03-13.57.48, HierarchicalDDC=, DataSize=262407, Duration=12.499679, RunGuid=RunIDDF383D5B48FD26D2BF2E7398AAA9D407
DDCTransactionId8DE8D16D4704E88682DAD690F4D15390_6, PutCachedData=, CacheKey=TEXTURE_814DCC3DC72143F49509781513CB9855_AutoDXT_CA00D32B463E02C2DEB81C975D6C3__4FBE731F710AFCDF5BC76C7EDD98B59562533EC3, StartTime=2016.07.03-13.57.48, HierarchicalDDC=, DataSize=65799, Duration=4.476518, RunGuid=RunIDDF383D5B48FD26D2BF2E7398AAA9D407
DDCTransactionIdB34FD7EB41E9AECC97E84CA515AA3A5E_4, BuildTexture=, CacheKey=TEXTURE_814DCC3DC72143F49509781513CB9855_AutoDXT_9C3C2F53469AC5DDB6E75B8DE1CCE0D0_07_0000803F0000803F0000803F000000000000803F00000000000000000000803F0000000000000000020000000E000000000000000101000000040000803FFFFFFFFF00000000FF00FF00FFFF8180803B, StartTime=2016.07.03-13.57.48, Duration=21.213089, RunGuid=RunIDDF383D5B48FD26D2BF2E7398AAA9D407
DDCTransactionId8DE8D16D4704E88682DAD690F4D15390_7, PutCachedData=, CacheKey=TEXTURE_814DCC3DC72143F49509781513CB9855_AutoDXT_CA00D32B463E02C2DEB81C975D6C3__E4EB4C1E678DF88AF5D72D151C15C0B751FA7BCC, StartTime=2016.07.03-13.57.48, HierarchicalDDC=, DataSize=16647, Duration=7.788602, RunGuid=RunIDDF383D5B48FD26D2BF2E7398AAA9D407
DDCTransactionIdF4393F244BB28DA17854B4A49276CDC3_4, PutCachedData=, CacheKey=TEXTURE_814DCC3DC72143F49509781513CB9855_AutoDXT_CA00D32B463E02C2DEB81C975D6C3__B9B52EC9FA92B137D4C172F27CEA1AFCD4BCC9A1, StartTime=2016.07.03-13.57.48, HierarchicalDDC=, DataSize=6899, Duration=3.938858, RunGuid=RunIDDF383D5B48FD26D2BF2E7398AAA9D407
DDCTransactionId8DE8D16D4704E88682DAD690F4D15390_8, PutCachedData=, CacheKey=TEXTURE_814DCC3DC72143F49509781513CB9855_AutoDXT_9C3C2F53469AC5DDB6E75B8DE1CCE__7C37B825E2163470F90F151D5971AD12A7A0024D, StartTime=2016.07.03-13.57.48, HierarchicalDDC=, DataSize=262407, Duration=40.407867, RunGuid=RunIDDF383D5B48FD26D2BF2E7398AAA9D407
DDCTransactionIdA02145DA4BD21C6538D0168BEC421B11_6, PutCachedData=, CacheKey=TEXTURE_814DCC3DC72143F49509781513CB9855_AutoDXT_9C3C2F53469AC5DDB6E75B8DE1CCE__25CDB9FEA665E07CAF5666BEC232495EED6B754C, StartTime=2016.07.03-13.57.48, HierarchicalDDC=, DataSize=65799, Duration=9.762801, RunGuid=RunIDDF383D5B48FD26D2BF2E7398AAA9D407
DDCTransactionIdF4393F244BB28DA17854B4A49276CDC3_5, PutCachedData=, CacheKey=TEXTURE_814DCC3DC72143F49509781513CB9855_AutoDXT_9C3C2F53469AC5DDB6E75B8DE1CCE__B662C4A874034C1AB2104627ED175B3CE6DDFC15, StartTime=2016.07.03-13.57.48, HierarchicalDDC=, DataSize=16647, Duration=9.711836, RunGuid=RunIDDF383D5B48FD26D2BF2E7398AAA9D407
DDCTransactionIdB34FD7EB41E9AECC97E84CA515AA3A5E_5, BuildTexture=, CacheKey=TEXTURE_814DCC3DC72143F49509781513CB9855_AutoDXT_E4D19E7948AE9BC67305C19762D632A4_07_0000803F0000803F0000803F000000000000803F00000000000000000000803F0000000000000000020000000E000000000000000101000000040000803FFFFFFFFF00000000FF00FF00FFFF8180803B, StartTime=2016.07.03-13.57.48, Duration=0.363603, RunGuid=RunIDDF383D5B48FD26D2BF2E7398AAA9D407
DDCTransactionIdF4393F244BB28DA17854B4A49276CDC3_6, PutCachedData=, CacheKey=TEXTURE_814DCC3DC72143F49509781513CB9855_AutoDXT_9C3C2F53469AC5DDB6E75B8DE1CCE__2888E9705FCFDD9622245813BB36C7E81A4575E1, StartTime=2016.07.03-13.57.48, HierarchicalDDC=, DataSize=6899, Duration=33.614410, RunGuid=RunIDDF383D5B48FD26D2BF2E7398AAA9D407
DDCTransactionIdA02145DA4BD21C6538D0168BEC421B11_7, PutCachedData=, CacheKey=TEXTURE_814DCC3DC72143F49509781513CB9855_AutoDXT_E4D19E7948AE9BC67305C19762D63__EE1D8F8A388DA3F67FBA0A262F841D94EA8FC61E, StartTime=2016.07.03-13.57.48, HierarchicalDDC=, DataSize=6014, Duration=4.268486, RunGuid=RunIDDF383D5B48FD26D2BF2E7398AAA9D407
DDCTransactionIdB34FD7EB41E9AECC97E84CA515AA3A5E_6, BuildTexture=, CacheKey=TEXTURE_814DCC3DC72143F49509781513CB9855_DXT1_66AA220F49DB9085046B69A787A34E55_07_0000803F0000803F0000803F000000000000803F00000000000000000000803F0000000000000000020000000E000000000000000101000000040000803FFFFFFFFF00000000FF00FF00FFFF8180803B, StartTime=2016.07.03-13.57.48, Duration=63.487270, RunGuid=RunIDDF383D5B48FD26D2BF2E7398AAA9D407
DDCTransactionIdA02145DA4BD21C6538D0168BEC421B11_8, PutCachedData=, CacheKey=TEXTURE_814DCC3DC72143F49509781513CB9855_DXT1_66AA220F49DB9085046B69A787A34E55__C151D7557EA23BC243BA13731EB671AF5F101161, StartTime=2016.07.03-13.57.48, HierarchicalDDC=, DataSize=524550, Duration=19.392378, RunGuid=RunIDDF383D5B48FD26D2BF2E7398AAA9D407
DDCTransactionId8DE8D16D4704E88682DAD690F4D15390_9, PutCachedData=, CacheKey=TEXTURE_814DCC3DC72143F49509781513CB9855_DXT1_66AA220F49DB9085046B69A787A34E55__27C078FE48487E590032780430A092ACF38BF777, StartTime=2016.07.03-13.57.48, HierarchicalDDC=, DataSize=131332, Duration=19.209087, RunGuid=RunIDDF383D5B48FD26D2BF2E7398AAA9D407
DDCTransactionIdF4393F244BB28DA17854B4A49276CDC3_7, PutCachedData=, CacheKey=TEXTURE_814DCC3DC72143F49509781513CB9855_DXT1_66AA220F49DB9085046B69A787A34E55__3C2A710E67B6A3FFA618EC13871F39CE4BFD000C, StartTime=2016.07.03-13.57.48, HierarchicalDDC=, DataSize=33028, Duration=127.830795, RunGuid=RunIDDF383D5B48FD26D2BF2E7398AAA9D407
DDCTransactionIdB34FD7EB41E9AECC97E84CA515AA3A5E_7, BuildTexture=, CacheKey=TEXTURE_814DCC3DC72143F49509781513CB9855_DXT1_597344FC44D79769F845E281B289E135_07_0000803F0000803F0000803F000000000000803F00000000000000000000803F0000000000000000020000000E000000000000000101000000040000803FFFFFFFFF00000000FF00FF00FFFF8180803B, StartTime=2016.07.03-13.57.48, Duration=47.602486, RunGuid=RunIDDF383D5B48FD26D2BF2E7398AAA9D407
DDCTransactionId8DE8D16D4704E88682DAD690F4D15390_10, PutCachedData=, CacheKey=TEXTURE_814DCC3DC72143F49509781513CB9855_DXT1_66AA220F49DB9085046B69A787A34E55__25A37B5ABB9EA29CA8986CFB62036FBCFC639346, StartTime=2016.07.03-13.57.48, HierarchicalDDC=, DataSize=8452, Duration=25.714941, RunGuid=RunIDDF383D5B48FD26D2BF2E7398AAA9D407
DDCTransactionIdA02145DA4BD21C6538D0168BEC421B11_9, PutCachedData=, CacheKey=TEXTURE_814DCC3DC72143F49509781513CB9855_DXT1_66AA220F49DB9085046B69A787A34E55__AE8A3B4B3E796BFA1FA8FD4214372B5075081C92, StartTime=2016.07.03-13.57.48, HierarchicalDDC=, DataSize=4437, Duration=25.686625, RunGuid=RunIDDF383D5B48FD26D2BF2E7398AAA9D407
DDCTransactionIdA02145DA4BD21C6538D0168BEC421B11_10, PutCachedData=, CacheKey=TEXTURE_814DCC3DC72143F49509781513CB9855_DXT1_597344FC44D79769F845E281B289E135__AF14AC392BDAA9FEF99ACC6B018B370EB5D808A0, StartTime=2016.07.03-13.57.48, HierarchicalDDC=, DataSize=524550, Duration=4.460421, RunGuid=RunIDDF383D5B48FD26D2BF2E7398AAA9D407
DDCTransactionId8DE8D16D4704E88682DAD690F4D15390_11, PutCachedData=, CacheKey=TEXTURE_814DCC3DC72143F49509781513CB9855_DXT1_597344FC44D79769F845E281B289E135__CFE321F2C65EA324A8CA370DEE33CCA2D0F45F85, StartTime=2016.07.03-13.57.48, HierarchicalDDC=, DataSize=131332, Duration=279.217255, RunGuid=RunIDDF383D5B48FD26D2BF2E7398AAA9D407
DDCTransactionIdB34FD7EB41E9AECC97E84CA515AA3A5E_8, BuildTexture=, CacheKey=TEXTURE_814DCC3DC72143F49509781513CB9855_DXT1_C40B28CE458B56FE60A921BA5B88646E_07_0000803F0000803F0000803F000000000000803F00000000000000000000803F0000000000000000020000000E000000000000000101000000040000803FFFFFFFFF00000000FF00FF00FFFF8180803B, StartTime=2016.07.03-13.57.48, Duration=11.176690, RunGuid=RunIDDF383D5B48FD26D2BF2E7398AAA9D407
DDCTransactionIdA02145DA4BD21C6538D0168BEC421B11_11, PutCachedData=, CacheKey=TEXTURE_814DCC3DC72143F49509781513CB9855_DXT1_597344FC44D79769F845E281B289E135__F03B0C4B344783646E4B7E371655050F12E533D9, StartTime=2016.07.03-13.57.48, HierarchicalDDC=, DataSize=33028, Duration=4.008900, RunGuid=RunIDDF383D5B48FD26D2BF2E7398AAA9D407
DDCTransactionIdA02145DA4BD21C6538D0168BEC421B11_12, PutCachedData=, CacheKey=TEXTURE_814DCC3DC72143F49509781513CB9855_DXT1_597344FC44D79769F845E281B289E135__520110756D4B48377EB15ABF88A437DAFD377390, StartTime=2016.07.03-13.57.48, HierarchicalDDC=, DataSize=8452, Duration=4.064627, RunGuid=RunIDDF383D5B48FD26D2BF2E7398AAA9D407
DDCTransactionIdA02145DA4BD21C6538D0168BEC421B11_13, PutCachedData=, CacheKey=TEXTURE_814DCC3DC72143F49509781513CB9855_DXT1_597344FC44D79769F845E281B289E135__C9E98CB1E58AEBE6250269C1F5E1D716F5E679B5, StartTime=2016.07.03-13.57.48, HierarchicalDDC=, DataSize=4437, Duration=153.351715, RunGuid=RunIDDF383D5B48FD26D2BF2E7398AAA9D407
DDCTransactionIdB34FD7EB41E9AECC97E84CA515AA3A5E_9, BuildTexture=, CacheKey=TEXTURE_814DCC3DC72143F49509781513CB9855_DXT1_766D604645FA942EFF3489A8EA20A8F0_07_0000803F0000803F0000803F000000000000803F00000000000000000000803F0000000000000000020000000E000000000000000101000000040000803FFFFFFFFF00000000FF00FF00FFFF8180803B, StartTime=2016.07.03-13.57.48, Duration=9.530630, RunGuid=RunIDDF383D5B48FD26D2BF2E7398AAA9D407
DDCTransactionIdB34FD7EB41E9AECC97E84CA515AA3A5E_10, BuildTexture=, CacheKey=TEXTURE_814DCC3DC72143F49509781513CB9855_DXT1_12FC07B74E65B2819AAD43AB19BB60CC_07_0000803F0000803F0000803F000000000000803F00000000000000000000803F0000000000000000020000000E000000000000000101000000040000803FFFFFFFFF00000000FF00FF00FFFF8180803B, StartTime=2016.07.03-13.57.48, Duration=10.501936, RunGuid=RunIDDF383D5B48FD26D2BF2E7398AAA9D407
DDCTransactionIdB34FD7EB41E9AECC97E84CA515AA3A5E_11, BuildTexture=, CacheKey=TEXTURE_814DCC3DC72143F49509781513CB9855_DXT1_C14052FA4C333041CDF34B8B8F3451E9_07_0000803F0000803F0000803F000000000000803F00000000000000000000803F0000000000000000020000000E000000000000000101000000040000803FFFFFFFFF00000000FF00FF00FFFF8180803B, StartTime=2016.07.03-13.57.48, Duration=2.976198, RunGuid=RunIDDF383D5B48FD26D2BF2E7398AAA9D407
DDCTransactionIdB34FD7EB41E9AECC97E84CA515AA3A5E_12, BuildTexture=, CacheKey=TEXTURE_814DCC3DC72143F49509781513CB9855_AutoDXT_0749B11545CC1F751FD7B8924A30F937_07_0000803F0000803F0000803F000000000000803F00000000000000000000803F0000000000000000020000000E000000000000000101000000040000803FFFFFFFFF00000000FF00FF00FFFF8180803B, StartTime=2016.07.03-13.57.48, Duration=75.898422, RunGuid=RunIDDF383D5B48FD26D2BF2E7398AAA9D407
DDCTransactionIdF4393F244BB28DA17854B4A49276CDC3_8, PutCachedData=, CacheKey=TEXTURE_814DCC3DC72143F49509781513CB9855_DXT1_C40B28CE458B56FE60A921BA5B88646E__56BDA0D33FAA6962A6144FE9863A64436484EB3E, StartTime=2016.07.03-13.57.48, HierarchicalDDC=, DataSize=131332, Duration=3.944520, RunGuid=RunIDDF383D5B48FD26D2BF2E7398AAA9D407
DDCTransactionIdF4393F244BB28DA17854B4A49276CDC3_9, PutCachedData=, CacheKey=TEXTURE_814DCC3DC72143F49509781513CB9855_DXT1_C40B28CE458B56FE60A921BA5B88646E__A63A3D442D47629EFD22330080496F3D83716BF5, StartTime=2016.07.03-13.57.48, HierarchicalDDC=, DataSize=33028, Duration=3.231619, RunGuid=RunIDDF383D5B48FD26D2BF2E7398AAA9D407
DDCTransactionIdF4393F244BB28DA17854B4A49276CDC3_10, PutCachedData=, CacheKey=TEXTURE_814DCC3DC72143F49509781513CB9855_DXT1_C40B28CE458B56FE60A921BA5B88646E__45591E3979833F5D56E3DFA3F516A50E9893C0DE, StartTime=2016.07.03-13.57.48, HierarchicalDDC=, DataSize=8452, Duration=3.544554, RunGuid=RunIDDF383D5B48FD26D2BF2E7398AAA9D407
DDCTransactionIdF4393F244BB28DA17854B4A49276CDC3_11, PutCachedData=, CacheKey=TEXTURE_814DCC3DC72143F49509781513CB9855_DXT1_C40B28CE458B56FE60A921BA5B88646E__A36B09ED78DFC9F45644F8DC73841CF0C0C26467, StartTime=2016.07.03-13.57.48, HierarchicalDDC=, DataSize=4143, Duration=267.337799, RunGuid=RunIDDF383D5B48FD26D2BF2E7398AAA9D407
DDCTransactionIdB34FD7EB41E9AECC97E84CA515AA3A5E_13, BuildTexture=, CacheKey=TEXTURE_814DCC3DC72143F49509781513CB9855_AutoDXT_1B4DA0D540A3B6D2D6B2B1A5440C50B0_07_0000803F0000803F0000803F000000000000803F00000000000000000000803F0000000000000000020000000E000000000000000101000000040000803FFFFFFFFF00000000FF00FF00FFFF8180803B, StartTime=2016.07.03-13.57.48, Duration=37.517506, RunGuid=RunIDDF383D5B48FD26D2BF2E7398AAA9D407
DDCTransactionIdB34FD7EB41E9AECC97E84CA515AA3A5E_14, BuildTexture=, CacheKey=TEXTURE_814DCC3DC72143F49509781513CB9855_AutoDXT_3A784D85456CB436B4DB55B38B287DEC_07_0000803F0000803F0000803F000000000000803F00000000000000000000803F0000000000000000020000000E000000000000000101000000040000803FFFFFFFFF00000000FF00FF00FFFF8180803B, StartTime=2016.07.03-13.57.48, Duration=13.351462, RunGuid=RunIDDF383D5B48FD26D2BF2E7398AAA9D407
DDCTransactionIdA02145DA4BD21C6538D0168BEC421B11_14, PutCachedData=, CacheKey=TEXTURE_814DCC3DC72143F49509781513CB9855_DXT1_766D604645FA942EFF3489A8EA20A8F0__6951B7A9AB7B63000D8BF0707EC7B34D3F025290, StartTime=2016.07.03-13.57.48, HierarchicalDDC=, DataSize=131332, Duration=4.177585, RunGuid=RunIDDF383D5B48FD26D2BF2E7398AAA9D407
DDCTransactionIdA02145DA4BD21C6538D0168BEC421B11_15, PutCachedData=, CacheKey=TEXTURE_814DCC3DC72143F49509781513CB9855_DXT1_766D604645FA942EFF3489A8EA20A8F0__EA8A391B90DEB09F9F0E5AE945ED5BB85F077D25, StartTime=2016.07.03-13.57.48, HierarchicalDDC=, DataSize=33028, Duration=31.250977, RunGuid=RunIDDF383D5B48FD26D2BF2E7398AAA9D407
DDCTransactionIdB34FD7EB41E9AECC97E84CA515AA3A5E_15, BuildTexture=, CacheKey=TEXTURE_814DCC3DC72143F49509781513CB9855_AutoDXT_1A57F3584FF3A7512B1CDCA09F271717_07_0000803F0000803F0000803F000000000000803F00000000000000000000803F0000000000000000020000000E000000000000000101000000040000803FFFFFFFFF00000000FF00FF00FFFF8180803B, StartTime=2016.07.03-13.57.48, Duration=10.218203, RunGuid=RunIDDF383D5B48FD26D2BF2E7398AAA9D407
DDCTransactionIdB34FD7EB41E9AECC97E84CA515AA3A5E_16, BuildTexture=, CacheKey=TEXTURE_814DCC3DC72143F49509781513CB9855_AutoDXT_6A31F0FD48925E0B9FB019A8D3CCFBF8_07_0000803F0000803F0000803F000000000000803F00000000000000000000803F0000000000000000020000000E000000000000000101000000040000803FFFFFFFFF00000000FF00FF00FFFF8180803B, StartTime=2016.07.03-13.57.48, Duration=13.374414, RunGuid=RunIDDF383D5B48FD26D2BF2E7398AAA9D407
DDCTransactionIdA02145DA4BD21C6538D0168BEC421B11_16, PutCachedData=, CacheKey=TEXTURE_814DCC3DC72143F49509781513CB9855_DXT1_766D604645FA942EFF3489A8EA20A8F0__B64902749CD939B6CE3A05341D9259C69BEB2910, StartTime=2016.07.03-13.57.48, HierarchicalDDC=, DataSize=8452, Duration=147.805237, RunGuid=RunIDDF383D5B48FD26D2BF2E7398AAA9D407
DDCTransactionIdB34FD7EB41E9AECC97E84CA515AA3A5E_17, BuildTexture=, CacheKey=TEXTURE_814DCC3DC72143F49509781513CB9855_AutoDXT_104E96A44B7BE15657B040A1B36E0EE7_07_0000803F0000803F0000803F000000000000803F00000000000000000000803F0000000000000000020000000E000000000000000101000000040000803FFFFFFFFF00000000FF00FF00FFFF8180803B, StartTime=2016.07.03-13.57.48, Duration=1.543235, RunGuid=RunIDDF383D5B48FD26D2BF2E7398AAA9D407
DDCTransactionIdB34FD7EB41E9AECC97E84CA515AA3A5E_18, BuildTexture=, CacheKey=TEXTURE_814DCC3DC72143F49509781513CB9855_G8_A99CD7334F314A0686D57B9547A32DD7_07_0000803F0000803F0000803F000000000000803F00000000000000000000803F0000000000000000020000000E000000000000000101000000040000803FFFFFFFFF00000000FF00FF00FFFF8180803B, StartTime=2016.07.03-13.57.48, Duration=14.606800, RunGuid=RunIDDF383D5B48FD26D2BF2E7398AAA9D407
DDCTransactionIdB34FD7EB41E9AECC97E84CA515AA3A5E_19, BuildTexture=, CacheKey=TEXTURE_814DCC3DC72143F49509781513CB9855_G8_312B01124F3BCBD78AA5269E0ED7195A_07_0000803F0000803F0000803F000000000000803F00000000000000000000803F0000000000000000020000000E000000000000000101000000040000803FFFFFFFFF00000000FF00FF00FFFF8180803B, StartTime=2016.07.03-13.57.48, Duration=14.331710, RunGuid=RunIDDF383D5B48FD26D2BF2E7398AAA9D407
DDCTransactionIdB34FD7EB41E9AECC97E84CA515AA3A5E_20, BuildTexture=, CacheKey=TEXTURE_814DCC3DC72143F49509781513CB9855_G8_F336A9E547928187A2FE8DBA877873B1_07_0000803F0000803F0000803F000000000000803F00000000000000000000803F0000000000000000020000000E000000000000000101000000040000803FFFFFFFFF00000000FF00FF00FFFF8180803B, StartTime=2016.07.03-13.57.48, Duration=3.120746, RunGuid=RunIDDF383D5B48FD26D2BF2E7398AAA9D407
DDCTransactionIdB34FD7EB41E9AECC97E84CA515AA3A5E_21, BuildTexture=, CacheKey=TEXTURE_814DCC3DC72143F49509781513CB9855_G8_C1A9DAA94619853A29A6AEBA982298BA_07_0000803F0000803F0000803F000000000000803F00000000000000000000803F0000000000000000020000000E000000000000000101000000040000803FFFFFFFFF00000000FF00FF00FFFF8180803B, StartTime=2016.07.03-13.57.48, Duration=3.065612, RunGuid=RunIDDF383D5B48FD26D2BF2E7398AAA9D407
DDCTransactionIdB34FD7EB41E9AECC97E84CA515AA3A5E_22, BuildTexture=, CacheKey=TEXTURE_814DCC3DC72143F49509781513CB9855_G8_086A19C6464019057903DAAC839DE255_07_0000803F0000803F0000803F000000000000803F00000000000000000000803F0000000000000000020000000E000000000000000101000000040000803FFFFFFFFF00000000FF00FF00FFFF8180803B, StartTime=2016.07.03-13.57.48, Duration=2.991099, RunGuid=RunIDDF383D5B48FD26D2BF2E7398AAA9D407
DDCTransactionIdB34FD7EB41E9AECC97E84CA515AA3A5E_23, BuildTexture=, CacheKey=TEXTURE_814DCC3DC72143F49509781513CB9855_G8_E5889A3D48F327D75670FB9523E2CDB8_07_0000803F0000803F0000803F000000000000803F00000000000000000000803F0000000000000000020000000E000000000000000101000000040000803FFFFFFFFF00000000FF00FF00FFFF8180803B, StartTime=2016.07.03-13.57.48, Duration=0.112955, RunGuid=RunIDDF383D5B48FD26D2BF2E7398AAA9D407
DDCTransactionId8DE8D16D4704E88682DAD690F4D15390_12, PutCachedData=, CacheKey=TEXTURE_814DCC3DC72143F49509781513CB9855_DXT1_766D604645FA942EFF3489A8EA20A8F0__CC1F321E1B8EA1C548DFE982CFFC80246588E720, StartTime=2016.07.03-13.57.48, HierarchicalDDC=, DataSize=4143, Duration=4.213948, RunGuid=RunIDDF383D5B48FD26D2BF2E7398AAA9D407
DDCTransactionId8DE8D16D4704E88682DAD690F4D15390_13, PutCachedData=, CacheKey=TEXTURE_814DCC3DC72143F49509781513CB9855_DXT1_12FC07B74E65B2819AAD43AB19BB60CC__25A89F6F7040F76E520A07015737C7354DD42918, StartTime=2016.07.03-13.57.48, HierarchicalDDC=, DataSize=131332, Duration=62.764824, RunGuid=RunIDDF383D5B48FD26D2BF2E7398AAA9D407
DDCTransactionId8DE8D16D4704E88682DAD690F4D15390_14, PutCachedData=, CacheKey=TEXTURE_814DCC3DC72143F49509781513CB9855_DXT1_12FC07B74E65B2819AAD43AB19BB60CC__235A9305464E2E77E95D819878C1D6B84D58ACD8, StartTime=2016.07.03-13.57.48, HierarchicalDDC=, DataSize=33028, Duration=53.016033, RunGuid=RunIDDF383D5B48FD26D2BF2E7398AAA9D407
DDCTransactionIdF4393F244BB28DA17854B4A49276CDC3_12, PutCachedData=, CacheKey=TEXTURE_814DCC3DC72143F49509781513CB9855_DXT1_12FC07B74E65B2819AAD43AB19BB60CC__B90E21BA5BEB4807B91A97FFB8EDCBE6B2FD6196, StartTime=2016.07.03-13.57.48, HierarchicalDDC=, DataSize=8452, Duration=148.940460, RunGuid=RunIDDF383D5B48FD26D2BF2E7398AAA9D407
DDCTransactionIdA02145DA4BD21C6538D0168BEC421B11_17, PutCachedData=, CacheKey=TEXTURE_814DCC3DC72143F49509781513CB9855_DXT1_12FC07B74E65B2819AAD43AB19BB60CC__44AA62AD99FBEF1BBC79E92D4871B71AABFEF671, StartTime=2016.07.03-13.57.48, HierarchicalDDC=, DataSize=4143, Duration=50.068443, RunGuid=RunIDDF383D5B48FD26D2BF2E7398AAA9D407
DDCTransactionIdA02145DA4BD21C6538D0168BEC421B11_18, PutCachedData=, CacheKey=TEXTURE_814DCC3DC72143F49509781513CB9855_DXT1_C14052FA4C333041CDF34B8B8F3451E9__CC53B0A07525180F4F96C9DEF2E4F09E29601FDE, StartTime=2016.07.03-13.57.48, HierarchicalDDC=, DataSize=3267, Duration=3.776725, RunGuid=RunIDDF383D5B48FD26D2BF2E7398AAA9D407
DDCTransactionId8DE8D16D4704E88682DAD690F4D15390_15, PutCachedData=, CacheKey=TEXTURE_814DCC3DC72143F49509781513CB9855_AutoDXT_0749B11545CC1F751FD7B8924A30F__DBFA32B960C8AC759D95E08F302756FEB2620B8E, StartTime=2016.07.03-13.57.48, HierarchicalDDC=, DataSize=524552, Duration=60.930405, RunGuid=RunIDDF383D5B48FD26D2BF2E7398AAA9D407
DDCTransactionIdA02145DA4BD21C6538D0168BEC421B11_19, PutCachedData=, CacheKey=TEXTURE_814DCC3DC72143F49509781513CB9855_AutoDXT_0749B11545CC1F751FD7B8924A30F__66CC7F42D0F3BC34AFBD91FE7BAA7CC7F24AB2E7, StartTime=2016.07.03-13.57.48, HierarchicalDDC=, DataSize=131335, Duration=3.210753, RunGuid=RunIDDF383D5B48FD26D2BF2E7398AAA9D407
DDCTransactionIdA02145DA4BD21C6538D0168BEC421B11_20, PutCachedData=, CacheKey=TEXTURE_814DCC3DC72143F49509781513CB9855_AutoDXT_0749B11545CC1F751FD7B8924A30F__5FAB8408101F094110311E279097119D67E10334, StartTime=2016.07.03-13.57.48, HierarchicalDDC=, DataSize=33031, Duration=53.804935, RunGuid=RunIDDF383D5B48FD26D2BF2E7398AAA9D407
DDCTransactionIdF4393F244BB28DA17854B4A49276CDC3_13, PutCachedData=, CacheKey=TEXTURE_814DCC3DC72143F49509781513CB9855_AutoDXT_0749B11545CC1F751FD7B8924A30F__F8F4CF0A74BD7C5606C74EA8F0EC4CAC691BF11A, StartTime=2016.07.03-13.57.48, HierarchicalDDC=, DataSize=8454, Duration=83.213150, RunGuid=RunIDDF383D5B48FD26D2BF2E7398AAA9D407
DDCTransactionIdA02145DA4BD21C6538D0168BEC421B11_21, PutCachedData=, CacheKey=TEXTURE_814DCC3DC72143F49509781513CB9855_AutoDXT_0749B11545CC1F751FD7B8924A30F__4688619069A77C9E38C7E628D828A33131BFB0E6, StartTime=2016.07.03-13.57.48, HierarchicalDDC=, DataSize=4474, Duration=3.111806, RunGuid=RunIDDF383D5B48FD26D2BF2E7398AAA9D407
DDCTransactionId8DE8D16D4704E88682DAD690F4D15390_16, PutCachedData=, CacheKey=TEXTURE_814DCC3DC72143F49509781513CB9855_AutoDXT_1B4DA0D540A3B6D2D6B2B1A5440C5__FDE160E9BA93EF294ADB9F5AB63ACEC19D852806, StartTime=2016.07.03-13.57.48, HierarchicalDDC=, DataSize=524552, Duration=124.119339, RunGuid=RunIDDF383D5B48FD26D2BF2E7398AAA9D407
DDCTransactionIdA02145DA4BD21C6538D0168BEC421B11_22, PutCachedData=, CacheKey=TEXTURE_814DCC3DC72143F49509781513CB9855_AutoDXT_1B4DA0D540A3B6D2D6B2B1A5440C5__0EA8B89D83E9B9E9BA452FE26EF50A642B0FD2E8, StartTime=2016.07.03-13.57.48, HierarchicalDDC=, DataSize=131335, Duration=2.820622, RunGuid=RunIDDF383D5B48FD26D2BF2E7398AAA9D407
DDCTransactionIdA02145DA4BD21C6538D0168BEC421B11_23, PutCachedData=, CacheKey=TEXTURE_814DCC3DC72143F49509781513CB9855_AutoDXT_1B4DA0D540A3B6D2D6B2B1A5440C5__497BBEA58418E2BB76BAE7CABED70AB780FE2852, StartTime=2016.07.03-13.57.48, HierarchicalDDC=, DataSize=33031, Duration=2.739258, RunGuid=RunIDDF383D5B48FD26D2BF2E7398AAA9D407
DDCTransactionIdA02145DA4BD21C6538D0168BEC421B11_24, PutCachedData=, CacheKey=TEXTURE_814DCC3DC72143F49509781513CB9855_AutoDXT_1B4DA0D540A3B6D2D6B2B1A5440C5__643341734084F6877EE465098C7A1208311ECB56, StartTime=2016.07.03-13.57.48, HierarchicalDDC=, DataSize=8454, Duration=11.922676, RunGuid=RunIDDF383D5B48FD26D2BF2E7398AAA9D407
DDCTransactionIdA02145DA4BD21C6538D0168BEC421B11_25, PutCachedData=, CacheKey=TEXTURE_814DCC3DC72143F49509781513CB9855_AutoDXT_1B4DA0D540A3B6D2D6B2B1A5440C5__54E8D4F324EAEE68785D601CCA2B6BFA23DAC3ED, StartTime=2016.07.03-13.57.48, HierarchicalDDC=, DataSize=4474, Duration=3.741257, RunGuid=RunIDDF383D5B48FD26D2BF2E7398AAA9D407
DDCTransactionIdA02145DA4BD21C6538D0168BEC421B11_26, PutCachedData=, CacheKey=TEXTURE_814DCC3DC72143F49509781513CB9855_AutoDXT_3A784D85456CB436B4DB55B38B287__320A73CFAF82B63899C3EC61DF067BCEC8A28AB5, StartTime=2016.07.03-13.57.48, HierarchicalDDC=, DataSize=131335, Duration=136.852966, RunGuid=RunIDDF383D5B48FD26D2BF2E7398AAA9D407
DDCTransactionIdF4393F244BB28DA17854B4A49276CDC3_14, PutCachedData=, CacheKey=TEXTURE_814DCC3DC72143F49509781513CB9855_AutoDXT_3A784D85456CB436B4DB55B38B287__AA10D5C85B73F70BF5879A23F40F193825BF82AA, StartTime=2016.07.03-13.57.48, HierarchicalDDC=, DataSize=33031, Duration=17.164253, RunGuid=RunIDDF383D5B48FD26D2BF2E7398AAA9D407
DDCTransactionIdF4393F244BB28DA17854B4A49276CDC3_15, PutCachedData=, CacheKey=TEXTURE_814DCC3DC72143F49509781513CB9855_AutoDXT_3A784D85456CB436B4DB55B38B287__180FD65D4DF65C884D2D27F211D129BE6858B1C4, StartTime=2016.07.03-13.57.48, HierarchicalDDC=, DataSize=8454, Duration=3.487334, RunGuid=RunIDDF383D5B48FD26D2BF2E7398AAA9D407
DDCTransactionIdF4393F244BB28DA17854B4A49276CDC3_16, PutCachedData=, CacheKey=TEXTURE_814DCC3DC72143F49509781513CB9855_AutoDXT_3A784D85456CB436B4DB55B38B287__BE4B0B341613ADBADDCE1BE6BB3A1BE693176C00, StartTime=2016.07.03-13.57.48, HierarchicalDDC=, DataSize=4178, Duration=21.219049, RunGuid=RunIDDF383D5B48FD26D2BF2E7398AAA9D407
DDCTransactionIdF4393F244BB28DA17854B4A49276CDC3_17, PutCachedData=, CacheKey=TEXTURE_814DCC3DC72143F49509781513CB9855_AutoDXT_1A57F3584FF3A7512B1CDCA09F271__3D39D97D7C9F317DAAC17AC5FA4968381488FD86, StartTime=2016.07.03-13.57.48, HierarchicalDDC=, DataSize=131335, Duration=3.484946, RunGuid=RunIDDF383D5B48FD26D2BF2E7398AAA9D407
DDCTransactionIdF4393F244BB28DA17854B4A49276CDC3_18, PutCachedData=, CacheKey=TEXTURE_814DCC3DC72143F49509781513CB9855_AutoDXT_1A57F3584FF3A7512B1CDCA09F271__F1699B078595686B6B31E8DE2E30C12B00CABE08, StartTime=2016.07.03-13.57.48, HierarchicalDDC=, DataSize=33031, Duration=3.673606, RunGuid=RunIDDF383D5B48FD26D2BF2E7398AAA9D407
DDCTransactionIdF4393F244BB28DA17854B4A49276CDC3_19, PutCachedData=, CacheKey=TEXTURE_814DCC3DC72143F49509781513CB9855_AutoDXT_1A57F3584FF3A7512B1CDCA09F271__AD34313FFD43A888753AFAD25B727CE775F97FA8, StartTime=2016.07.03-13.57.48, HierarchicalDDC=, DataSize=8454, Duration=3.918890, RunGuid=RunIDDF383D5B48FD26D2BF2E7398AAA9D407
DDCTransactionIdF4393F244BB28DA17854B4A49276CDC3_20, PutCachedData=, CacheKey=TEXTURE_814DCC3DC72143F49509781513CB9855_AutoDXT_1A57F3584FF3A7512B1CDCA09F271__49AFE852A3781C4FDB12AB18DAFA436BD06D2FC3, StartTime=2016.07.03-13.57.48, HierarchicalDDC=, DataSize=4178, Duration=2.569381, RunGuid=RunIDDF383D5B48FD26D2BF2E7398AAA9D407
DDCTransactionIdF4393F244BB28DA17854B4A49276CDC3_21, PutCachedData=, CacheKey=TEXTURE_814DCC3DC72143F49509781513CB9855_AutoDXT_6A31F0FD48925E0B9FB019A8D3CCF__706593310DC51F7A816C0F78E911AD8D53E4C6B6, StartTime=2016.07.03-13.57.48, HierarchicalDDC=, DataSize=131335, Duration=171.195190, RunGuid=RunIDDF383D5B48FD26D2BF2E7398AAA9D407
DDCTransactionId8DE8D16D4704E88682DAD690F4D15390_17, PutCachedData=, CacheKey=TEXTURE_814DCC3DC72143F49509781513CB9855_AutoDXT_6A31F0FD48925E0B9FB019A8D3CCF__CCAC4A09F74D98DC92951DFBE3A6855C6EAA7B5C, StartTime=2016.07.03-13.57.48, HierarchicalDDC=, DataSize=33031, Duration=3.043257, RunGuid=RunIDDF383D5B48FD26D2BF2E7398AAA9D407
DDCTransactionId8DE8D16D4704E88682DAD690F4D15390_18, PutCachedData=, CacheKey=TEXTURE_814DCC3DC72143F49509781513CB9855_AutoDXT_6A31F0FD48925E0B9FB019A8D3CCF__28701DE7C0F79857C55BA1263446AD99239CD45B, StartTime=2016.07.03-13.57.48, HierarchicalDDC=, DataSize=8454, Duration=2.883807, RunGuid=RunIDDF383D5B48FD26D2BF2E7398AAA9D407
DDCTransactionId8DE8D16D4704E88682DAD690F4D15390_19, PutCachedData=, CacheKey=TEXTURE_814DCC3DC72143F49509781513CB9855_AutoDXT_6A31F0FD48925E0B9FB019A8D3CCF__25B4EE0FDBD67FD2D86FBA1B872AB46B879C3C9E, StartTime=2016.07.03-13.57.48, HierarchicalDDC=, DataSize=4178, Duration=2.702896, RunGuid=RunIDDF383D5B48FD26D2BF2E7398AAA9D407
DDCTransactionId8DE8D16D4704E88682DAD690F4D15390_20, PutCachedData=, CacheKey=TEXTURE_814DCC3DC72143F49509781513CB9855_AutoDXT_104E96A44B7BE15657B040A1B36E0__4089859D5CB729953A3B8A0580218E390EDF7C45, StartTime=2016.07.03-13.57.48, HierarchicalDDC=, DataSize=1910, Duration=2.465364, RunGuid=RunIDDF383D5B48FD26D2BF2E7398AAA9D407
DDCTransactionId8DE8D16D4704E88682DAD690F4D15390_21, PutCachedData=, CacheKey=TEXTURE_814DCC3DC72143F49509781513CB9855_G8_A99CD7334F314A0686D57B9547A32DD7_0__BBE6450F05F711CCECC41FB01670BB8850C34A47, StartTime=2016.07.03-13.57.48, HierarchicalDDC=, DataSize=524547, Duration=11.606459, RunGuid=RunIDDF383D5B48FD26D2BF2E7398AAA9D407
DDCTransactionId8DE8D16D4704E88682DAD690F4D15390_22, PutCachedData=, CacheKey=TEXTURE_814DCC3DC72143F49509781513CB9855_G8_A99CD7334F314A0686D57B9547A32DD7_0__9E1667C2EA3CCE0000BE4761716AAE370788CF5D, StartTime=2016.07.03-13.57.48, HierarchicalDDC=, DataSize=131330, Duration=2.662961, RunGuid=RunIDDF383D5B48FD26D2BF2E7398AAA9D407
DDCTransactionId8DE8D16D4704E88682DAD690F4D15390_23, PutCachedData=, CacheKey=TEXTURE_814DCC3DC72143F49509781513CB9855_G8_A99CD7334F314A0686D57B9547A32DD7_0__7FD969D38AAC7A24CB4E88558C68FC73B9ECA0CF, StartTime=2016.07.03-13.57.48, HierarchicalDDC=, DataSize=33026, Duration=11.471451, RunGuid=RunIDDF383D5B48FD26D2BF2E7398AAA9D407
DDCTransactionIdA02145DA4BD21C6538D0168BEC421B11_27, PutCachedData=, CacheKey=TEXTURE_814DCC3DC72143F49509781513CB9855_G8_A99CD7334F314A0686D57B9547A32DD7_0__DB95BCFB5CDF8E3FC5AED0C9412FCE63348791FE, StartTime=2016.07.03-13.57.48, HierarchicalDDC=, DataSize=8449, Duration=3.283773, RunGuid=RunIDDF383D5B48FD26D2BF2E7398AAA9D407
DDCTransactionId8DE8D16D4704E88682DAD690F4D15390_24, PutCachedData=, CacheKey=TEXTURE_814DCC3DC72143F49509781513CB9855_G8_A99CD7334F314A0686D57B9547A32DD7_0__09C82E893305A8FDF9CD4DE08FDEFD5A594CF9FF, StartTime=2016.07.03-13.57.48, HierarchicalDDC=, DataSize=4410, Duration=55.076660, RunGuid=RunIDDF383D5B48FD26D2BF2E7398AAA9D407
DDCTransactionIdA02145DA4BD21C6538D0168BEC421B11_28, PutCachedData=, CacheKey=TEXTURE_814DCC3DC72143F49509781513CB9855_G8_312B01124F3BCBD78AA5269E0ED7195A_0__3C7761495D7E68E3B0DE8D67A0EC19FA117F7786, StartTime=2016.07.03-13.57.48, HierarchicalDDC=, DataSize=524547, Duration=58.790794, RunGuid=RunIDDF383D5B48FD26D2BF2E7398AAA9D407
DDCTransactionId8DE8D16D4704E88682DAD690F4D15390_25, PutCachedData=, CacheKey=TEXTURE_814DCC3DC72143F49509781513CB9855_G8_312B01124F3BCBD78AA5269E0ED7195A_0__7379CDC876B6F5151EC477D0C03229CC7C12E45B, StartTime=2016.07.03-13.57.49, HierarchicalDDC=, DataSize=131330, Duration=3.363348, RunGuid=RunIDDF383D5B48FD26D2BF2E7398AAA9D407
DDCTransactionId8DE8D16D4704E88682DAD690F4D15390_26, PutCachedData=, CacheKey=TEXTURE_814DCC3DC72143F49509781513CB9855_G8_312B01124F3BCBD78AA5269E0ED7195A_0__043583562ACE0DBAF09B92EDCC35CC9E100B9FAC, StartTime=2016.07.03-13.57.49, HierarchicalDDC=, DataSize=33026, Duration=11.595431, RunGuid=RunIDDF383D5B48FD26D2BF2E7398AAA9D407
DDCTransactionIdA02145DA4BD21C6538D0168BEC421B11_29, PutCachedData=, CacheKey=TEXTURE_814DCC3DC72143F49509781513CB9855_G8_312B01124F3BCBD78AA5269E0ED7195A_0__A2100EE959868AC5268CEBD1BA0FDC4B4F48F9E0, StartTime=2016.07.03-13.57.49, HierarchicalDDC=, DataSize=8449, Duration=10.512665, RunGuid=RunIDDF383D5B48FD26D2BF2E7398AAA9D407
DDCTransactionId8DE8D16D4704E88682DAD690F4D15390_27, PutCachedData=, CacheKey=TEXTURE_814DCC3DC72143F49509781513CB9855_G8_312B01124F3BCBD78AA5269E0ED7195A_0__DBA0E3EC824F01E36BD362E3E9D9AE71C72C2499, StartTime=2016.07.03-13.57.49, HierarchicalDDC=, DataSize=4410, Duration=2.920169, RunGuid=RunIDDF383D5B48FD26D2BF2E7398AAA9D407
DDCTransactionIdA02145DA4BD21C6538D0168BEC421B11_30, PutCachedData=, CacheKey=TEXTURE_814DCC3DC72143F49509781513CB9855_G8_F336A9E547928187A2FE8DBA877873B1_0__CC035280AFAA72C56A7C51F6755D3542777FE3F6, StartTime=2016.07.03-13.57.49, HierarchicalDDC=, DataSize=131330, Duration=55.230148, RunGuid=RunIDDF383D5B48FD26D2BF2E7398AAA9D407
DDCTransactionId8DE8D16D4704E88682DAD690F4D15390_28, PutCachedData=, CacheKey=TEXTURE_814DCC3DC72143F49509781513CB9855_G8_F336A9E547928187A2FE8DBA877873B1_0__99D2737CF5920C3894A2689601C9DCBAF71E3C1C, StartTime=2016.07.03-13.57.49, HierarchicalDDC=, DataSize=33026, Duration=108.962067, RunGuid=RunIDDF383D5B48FD26D2BF2E7398AAA9D407
DDCTransactionIdF4393F244BB28DA17854B4A49276CDC3_22, PutCachedData=, CacheKey=TEXTURE_814DCC3DC72143F49509781513CB9855_G8_F336A9E547928187A2FE8DBA877873B1_0__603B2C904FC2452D901C5FA8908325669187F1C2, StartTime=2016.07.03-13.57.49, HierarchicalDDC=, DataSize=8449, Duration=13.038527, RunGuid=RunIDDF383D5B48FD26D2BF2E7398AAA9D407
DDCTransactionIdA02145DA4BD21C6538D0168BEC421B11_31, PutCachedData=, CacheKey=TEXTURE_814DCC3DC72143F49509781513CB9855_G8_F336A9E547928187A2FE8DBA877873B1_0__D5567F0B08369D683F87A90FAC858FFB4BE6C24B, StartTime=2016.07.03-13.57.49, HierarchicalDDC=, DataSize=4119, Duration=3.105547, RunGuid=RunIDDF383D5B48FD26D2BF2E7398AAA9D407
DDCTransactionIdF4393F244BB28DA17854B4A49276CDC3_23, PutCachedData=, CacheKey=TEXTURE_814DCC3DC72143F49509781513CB9855_G8_C1A9DAA94619853A29A6AEBA982298BA_0__16D2416FDF2B265E08FD4257B223ED31BEFDDA3A, StartTime=2016.07.03-13.57.49, HierarchicalDDC=, DataSize=131330, Duration=2.653424, RunGuid=RunIDDF383D5B48FD26D2BF2E7398AAA9D407
DDCTransactionIdF4393F244BB28DA17854B4A49276CDC3_24, PutCachedData=, CacheKey=TEXTURE_814DCC3DC72143F49509781513CB9855_G8_C1A9DAA94619853A29A6AEBA982298BA_0__BA7B52CD69D5B51F7F154D3801814AD030ABF6A9, StartTime=2016.07.03-13.57.49, HierarchicalDDC=, DataSize=33026, Duration=4.631199, RunGuid=RunIDDF383D5B48FD26D2BF2E7398AAA9D407
DDCTransactionIdA02145DA4BD21C6538D0168BEC421B11_32, PutCachedData=, CacheKey=TEXTURE_814DCC3DC72143F49509781513CB9855_G8_C1A9DAA94619853A29A6AEBA982298BA_0__6A5A260679981F4BFEACAB18EA13181139BC4491, StartTime=2016.07.03-13.57.49, HierarchicalDDC=, DataSize=8449, Duration=153.822006, RunGuid=RunIDDF383D5B48FD26D2BF2E7398AAA9D407
DDCTransactionIdF4393F244BB28DA17854B4A49276CDC3_25, PutCachedData=, CacheKey=TEXTURE_814DCC3DC72143F49509781513CB9855_G8_C1A9DAA94619853A29A6AEBA982298BA_0__A450FA5F3DCDC72C86A7AF71130FEE2D49FAB8EA, StartTime=2016.07.03-13.57.49, HierarchicalDDC=, DataSize=4119, Duration=2.910335, RunGuid=RunIDDF383D5B48FD26D2BF2E7398AAA9D407
DDCTransactionIdF4393F244BB28DA17854B4A49276CDC3_26, PutCachedData=, CacheKey=TEXTURE_814DCC3DC72143F49509781513CB9855_G8_086A19C6464019057903DAAC839DE255_0__1B7FC6E30C80AAD75877CA24654DE8F52359C1AC, StartTime=2016.07.03-13.57.49, HierarchicalDDC=, DataSize=131330, Duration=2.394132, RunGuid=RunIDDF383D5B48FD26D2BF2E7398AAA9D407
DDCTransactionIdF4393F244BB28DA17854B4A49276CDC3_27, PutCachedData=, CacheKey=TEXTURE_814DCC3DC72143F49509781513CB9855_G8_086A19C6464019057903DAAC839DE255_0__9BC81476E0848686B4E8BB282C90C046DFF60563, StartTime=2016.07.03-13.57.49, HierarchicalDDC=, DataSize=33026, Duration=2.546430, RunGuid=RunIDDF383D5B48FD26D2BF2E7398AAA9D407
DDCTransactionIdF4393F244BB28DA17854B4A49276CDC3_28, PutCachedData=, CacheKey=TEXTURE_814DCC3DC72143F49509781513CB9855_G8_086A19C6464019057903DAAC839DE255_0__28452A3E7EBA0F049412149FDDD422E8E5FDD180, StartTime=2016.07.03-13.57.49, HierarchicalDDC=, DataSize=8449, Duration=11.365048, RunGuid=RunIDDF383D5B48FD26D2BF2E7398AAA9D407
DDCTransactionIdF4393F244BB28DA17854B4A49276CDC3_29, PutCachedData=, CacheKey=TEXTURE_814DCC3DC72143F49509781513CB9855_G8_086A19C6464019057903DAAC839DE255_0__4380831E1E3608C0631C132C2B5D3BF7AC5473C0, StartTime=2016.07.03-13.57.49, HierarchicalDDC=, DataSize=4119, Duration=2.839401, RunGuid=RunIDDF383D5B48FD26D2BF2E7398AAA9D407
DDCTransactionIdF4393F244BB28DA17854B4A49276CDC3_30, PutCachedData=, CacheKey=TEXTURE_814DCC3DC72143F49509781513CB9855_G8_E5889A3D48F327D75670FB9523E2CDB8_0__B2FBD5B908F2428B63A3C1453EBCD6294266D3B5, StartTime=2016.07.03-13.57.49, HierarchicalDDC=, DataSize=3250, Duration=43.115833, RunGuid=RunIDDF383D5B48FD26D2BF2E7398AAA9D407
SavePackageTransactionId120959D14BBF22EF70CB7F984E3CD083_1, Filename=../../../../../../Users/game/Documents/steamrumb/steamrumb/Content/Blueprints/BP_stiranGameMode.uasset, AutoPackageBackupDelegate=0.108484, FlushAsyncLoading=0.004172, FlushStreamingFunc=0.055734, BlockTillAllRequestsFinished=0.004768, ResetLoadersForSaveUnMarkAllObjects=0.267338, TagPackageExports=0.829436, BeginCacheForCookedPlatformData=0.001490, SerializeImports=1.491975, GatherLocalizableTextData=0.973389, MarkNames=0.016689, SerializeSummary=0.012815, SerializeNames=0.084046, SerializeGatherableTextData=0.006262, BuildExportMap=0.065267, SortExportsNonSeekfree=0.056330, SortExportsSeekfreeConstructor=0.068251, SortExportsSeekfreeInner=4.835352, SortExportsSeekfree=0.003576, BuildDependencyMap=0.014011, SerializeImportMap=0.006855, SerializeExportMap=0.011027, SerializeDependencyMap=0.003278, SerializeStringAssetReferenceMap=0.001788, SaveThumbNailsAssetRegistryDataWorldLevelInfo=0.215482, SerializeExports=1.034785, SerializeBulkData=0.004470, MoveFile=3.935281, UnaccountedTime=1.417167, RunGuid=RunIDDF383D5B48FD26D2BF2E7398AAA9D407
SavePackageTransactionId120959D14BBF22EF70CB7F984E3CD083_2, Filename=../../../../../../Users/game/Documents/steamrumb/steamrumb/Content/Blueprints/BP_stiranGameMode.uasset, AutoPackageBackupDelegate=3.109720, FlushAsyncLoading=0.006855, FlushStreamingFunc=0.047985, BlockTillAllRequestsFinished=0.005066, ResetLoadersForSaveUnMarkAllObjects=0.152297, TagPackageExports=0.594582, BeginCacheForCookedPlatformData=0.001494, SerializeImports=1.077402, GatherLocalizableTextData=0.532594, MarkNames=0.011027, SerializeSummary=0.011027, SerializeNames=0.057522, SerializeGatherableTextData=0.004172, BuildExportMap=0.040829, SortExportsNonSeekfree=0.034872, SortExportsSeekfreeConstructor=0.044405, SortExportsSeekfreeInner=3.892664, SortExportsSeekfree=0.004768, BuildDependencyMap=0.014305, SerializeImportMap=0.006560, SerializeExportMap=0.007153, SerializeDependencyMap=0.002980, SerializeStringAssetReferenceMap=0.001192, SaveThumbNailsAssetRegistryDataWorldLevelInfo=0.191342, SerializeExports=0.927191, SerializeBulkData=0.004172, MoveFile=3.693573, UnaccountedTime=1.303613, RunGuid=RunIDDF383D5B48FD26D2BF2E7398AAA9D407
SavePackageTransactionId120959D14BBF22EF70CB7F984E3CD083_3, Filename=../../../../../../Users/game/Documents/steamrumb/steamrumb/Content/Blueprints/stiranGameMode.uasset, AutoPackageBackupDelegate=0.099543, FlushAsyncLoading=0.003874, FlushStreamingFunc=0.067953, BlockTillAllRequestsFinished=0.005066, ResetLoadersForSaveUnMarkAllObjects=0.144251, TagPackageExports=0.010431, BeginCacheForCookedPlatformData=0.001788, SerializeImports=0.456296, GatherLocalizableTextData=0.009537, MarkNames=0.003278, SerializeSummary=0.008345, SerializeNames=0.008047, SerializeGatherableTextData=0.000894, BuildExportMap=0.007451, SortExportsNonSeekfree=0.002388, SortExportsSeekfreeConstructor=0.007749, SortExportsSeekfreeInner=0.013113, SortExportsSeekfree=0.001490, BuildDependencyMap=0.003576, SerializeImportMap=0.039939, SerializeExportMap=0.020862, SerializeDependencyMap=0.000894, SerializeStringAssetReferenceMap=0.001192, SaveThumbNailsAssetRegistryDataWorldLevelInfo=0.011027, SerializeExports=0.004172, SerializeBulkData=0.002682, MoveFile=2.529737, UnaccountedTime=1.057141, RunGuid=RunIDDF383D5B48FD26D2BF2E7398AAA9D407
SavePackageTransactionId120959D14BBF22EF70CB7F984E3CD083_4, Filename=../../../../../../Users/game/Documents/steamrumb/steamrumb/Content/ThirdPersonBP/Maps/ThirdPersonExampleMap.umap, AutoPackageBackupDelegate=20.621784, FlushAsyncLoading=0.012219, FlushStreamingFunc=0.086430, BlockTillAllRequestsFinished=0.005066, ResetLoadersForSaveUnMarkAllObjects=48.270683, TagPackageExports=0.868775, BeginCacheForCookedPlatformData=0.001792, SerializeImports=1.705665, GatherLocalizableTextData=7.573418, MarkNames=0.050668, SerializeSummary=0.011325, SerializeNames=0.352282, SerializeGatherableTextData=0.037253, BuildExportMap=0.249755, SortExportsNonSeekfree=0.394899, SortExportsSeekfreeConstructor=0.045899, SortExportsSeekfreeInner=17.127596, SortExportsSeekfree=0.005364, BuildDependencyMap=0.078086, SerializeImportMap=0.045005, SerializeExportMap=0.033677, SerializeDependencyMap=0.008643, SerializeStringAssetReferenceMap=0.001490, SaveThumbNailsAssetRegistryDataWorldLevelInfo=0.839867, SerializeExports=4.526291, SerializeBulkData=138.636124, MoveFile=4.062246, UnaccountedTime=1.185294, RunGuid=RunIDDF383D5B48FD26D2BF2E7398AAA9D407
